title,preview
The Man Who Wanted to Fly on Mars,"The Mars Helicopter is riding to the Red Planet this summer with NASA's Perseverance rover. The helicopter's chief engineer, Bob Balaram, shares the saga of how it came into being."
Curiosity Mars Rover's Summer Road Trip Has Begun,"After more than a year in the ""clay-bearing unit,"" Curiosity is making a mile-long journey around some deep sand so that it can explore higher up Mount Sharp."
NASA's Perseverance Rover 100 Days Out,"Mark your calendars: The agency's latest rover has only about 8,640,000 seconds to go before it touches down on the Red Planet, becoming history's next Mars car."
NASA's New Mars Rover Will Use X-Rays to Hunt Fossils,"PIXL, an instrument on the end of the Perseverance rover's arm, will search for chemical fingerprints left by ancient microbes."
NASA's Perseverance Rover Will Look at Mars Through These 'Eyes',A pair of zoomable cameras will help scientists and rover drivers with high-resolution color images.
Naming a NASA Mars Rover Can Change Your Life,Want to name the robotic scientist NASA is sending to Mars in 2020? The student who named Curiosity — the rover currently exploring Mars — will tell you this is an opportunity worth taking.
Mars Scientists Investigate Ancient Life in Australia,Teams with NASA's Mars 2020 and ESA's ExoMars practiced hunting for fossilized microbial life in the Australian Outback in preparation for their Red Planet missions. 
"Q&A with the Student Who Named Ingenuity, NASA's Mars Helicopter","As a longtime fan of space exploration, Vaneeza Rupani appreciates the creativity and collaboration involved with trying to fly on another planet."
"New Selfie Shows Curiosity, the Mars Chemist",The NASA rover performed a special chemistry experiment at the location captured in its newest self-portrait.
"While Stargazing on Mars, NASA's Curiosity Rover Spots Earth and Venus",This new portrait of the Red Planet's neighbors was taken during a time when there's more dust in the air on Mars.
NASA's Ingenuity Mars Helicopter Recharges Its Batteries in Flight,"Headed to the Red Planet with the Perseverance rover, the pioneering helicopter is powered up for the first time in interplanetary space as part of a systems check."
NASA to Reveal Name of Its Next Mars Rover,"After a months-long contest among students to name NASA's newest Mars rover, the agency will reveal the winning name — and the winning student — this Thursday. "
NASA's Briefcase-Size MarCO Satellite Picks Up Honors,"The twin spacecraft, the first of their kind to fly into deep space, earn a Laureate from Aviation Week & Space Technology."
NASA Moves Forward With Campaign to Return Mars Samples to Earth,"During this next phase, the program will mature critical technologies and make critical design decisions as well as assess industry partnerships."
6 Things to Know About NASA's Ingenuity Mars Helicopter,The first helicopter attempting to fly on another planet is a marvel of engineering. Get up to speed with these key facts about its plans.
